"Num","V_cmax","V_cmax_se","J_max","J","J_se","V_TPU","V_TPU_se","R_d","R_d_se","cost","citransition1","citransition2","V_cmax_pts","J_max_pts","V_TPU_pts","alpha","alpha_g","gamma_star25","Ea_gamma_star","K_M25","Ea_K_M","g_mc25","Ea_g_mc","Oconc","theta_J","ID"
0,9.58384409436684,0.105607162711099,25.9205807151546,25.62598923261,0.0287458664775989,1000,NA,1.40438791652876,0.0387198174998245,9.59372499725328,907.778254122594,1076.56731607431,281,54,0,0.24,0,42.75,37830,718.4,65508.28,0.08701,0,21,0.85,"soil-11"
0,24.1990468920267,0.177826293020763,47.7581673486317,46.7133695736099,0.0328526044577472,1000,NA,-0.332437014131286,0.0420695798498774,14.0329769293081,508.54236523505,948.92674463149,182,150,0,0.24,0,42.75,37830,718.4,65508.28,0.08701,0,21,0.85,"soil-16"
0,12.7692844424223,0.0962023453054488,32.5078278454741,32.0383566836765,0.0453027302185042,2.47560396593851,0.00816755778829413,1.25301195707706,0.0332898621518794,9.19079365815289,857.06035287081,977.991506061333,290,41,5,0.24,0,42.75,37830,718.4,65508.28,0.08701,0,21,0.85,"soil-18"
0,20.1735073794541,0.125461198062972,43.9176305477676,43.0409294365048,0.0371343764192263,1000,NA,2.69194950979466,0.0343030598780745,12.5211997838898,649.019515478803,804.430945544413,285,51,0,0.24,0,42.75,37830,718.4,65508.28,0.08701,0,21,0.85,"soil-6"
0,10.3927293532459,0.0690606306837305,27.2709928794502,26.944029393329,0.030796115326759,1000,NA,1.39156536388531,0.0247858497006367,19.5533188872087,894.809953877564,1034.78257150268,585,88,0,0.24,0,42.75,37830,718.4,65508.28,0.08701,0,21,0.85,"soil-9"
